Things to clean the city vector in the gtd

Step 1: Rename (District) -> District and  ((District)) -> District and (Province) -> Province and (Province - > Province
Step 3: NA = (blank), blank, unknown, Unknown, na, NA, ns, NS, unk, not stated, n/s,Unkknown, (Leer), unidentified, area unk, exact location unk, no city or area shown

Buenas Aires = buenos aires,
Buenos Aiers = buenos aires,
Buenos Aries = buenos aires, 
San Juan City = san juan,
San Salvador de Jujuy = jujuy,
Cochabamba City = cochabamba,
Santa Cruz City = santa cruz, 
Rio De Janerio = rio de janeiro,
Rio de Janiero = rio de janeiro,
Rio De Jeneiro = rio de janeiro,
Sao Paulop = sao paulo, 
Santiago and Central = santiago,
Valparaiso/Viva del Mar* = valparaiso,
Valparasio = valparaiso,
Valpariaso = valparaiso,
Valpariso = valparaiso,
Agua Chiza = agua chica, 
Barrancabermaja = barrancabermeja,
Barrancabermeha = barrancabermeja,
Barrancabermeja = barrancabermeja,
Barrancabermeta = barrancabermeja,
Barrancaberneja = barrancabermeja,
barrancabermeja = barrancabermeja,
Barranquila = barranquilla,
Barranquilia = barranquilla,
Barranquilla = barranquilla,
Bogota, Palermo Section = bogota,
Bucanamanca = bucaramanga, 
Bucaramanga = bucaramanga, 
Bucaramango = bucaramanga, 
Bucaramanja = bucaramanga, 
Medelin = medellin,
Medell¡n = medellin,
Medillin = medellin,
Brazzavilla = brazzaville,
Brazzaville = brazzaville,
Brazzville = brazzaville,
Kinshasa = kinshasa,
Kinshasha = kinshasa,
Kinshoasa = kinshasa,
Ajaccio/ Ile Rousse = ajaccio,
East Berlin = berlin,
Cario = cairo,
Addis  Adaba = addis abeba,
Addis Ababa = addis abeba,
Adigale = addis abeba,
Adis Ababa = addis abeba,
Marseilles = marseille,
Marsielle = marseille,
Athens and Salonica = athens,
Banda Acech = banda aceh,
Banda Aceh City = banda aceh,
Lhokesumawe = lhokseumawe,
Lhoksemaue = lhokseumawe,
Lhokseumawe = lhokseumawe,
Lhoksukon subdistrict = lhokseumawe,
Pekanbaru City = pekanbaru,
Isfahan = esfahan,
I'sfahan = esfahan,
Khomanshahr = khorramshahr,
Khorramshahr = khorramshahr,
Khorramshar = khorramshahr,
Khorranmshar, Abadan  = khorramshahr,
Khorrashahr = khorramshahr,
Teberan = Tehran,
Teheran = Tehran,
Teherau = Tehran,
Tehram = Tehran,
Ashquelon = ashqelon,
Beersheba = beersheva,
Giuatayim = Givatayim,
Heizelya = herzliya,
Herzilyya Pituah = herzliya,
Herzliya = herzliya,
Herzliyya = herzliya,
Hezliyya = herzliya,
herzeliyya = herzliya,
Arab East Jerusalem = jerusalem,
West Jerusalem = jerusalem,
Jersualem = jerusalem,
Jerusalem (Talpiyyat) on Hebron road = jerusalem,
Jerusam = jerusalem,
Kefar Saba = kefar sava, 
Kfar Saba = kefar sava, 
Kfar Saba Settlement = kefar sava, 
KFAR SABA(15 miles north of Tel Aviv) = kefar sava, 
Kfar Saba(9mi. N.E. of Tel Aviv) = kefar sava, 
Kfar Sava = kefar sava, 
Lydda(10 Mi. east of Tel Aviv = Lydda,
Naharayim = nahariyya,
Naharia = nahariyya,
Nahariua* = nahariyya,
Nahariya = nahariyya,
Nahariyah = nahariyya,
Peath-Tiqva = petah tiqwa,
Petach Tikva = petah tiqwa,
Petah Tikua = petah tiqwa,
Petah tikva = petah tiqwa,
Petah Tikvah = petah tiqwa,
Petah Tiova = petah tiqwa,
Petah Tiqua = petah tiqwa,
Petah Tiqva = petah tiqwa,
Petah Tiqvah = petah tiqwa,
Petah-Tikva = petah tiqwa,
Petah-Tiqua = petah tiqwa,
Petam-Tikva = petah tiqwa,
Qabatiyeh = Qabatiyah,
Qalqilya = qalqilyah,
Qalqilyah = qalqilyah,
Qalquilya = qalqilyah,
Ramat Gun = Ramat Gan,
Rishon al Ziyyon = rishon leziyyon,
Rishon le Zion = rishon leziyyon,
Rishon Letzion = rishon leziyyon,
Rishon Lezion = rishon leziyyon,
Rishon Leziyyon = rishon leziyyon,
Rishon-Lezion = rishon leziyyon,
Ashdod Yaacor = ashdod,
Ashdot Yaacov = ashdod,
AShod = ashdod,
South of Tel Aviv = tel aviv,
Tel Aviv Suburb = tel aviv,
Tel Aviv-Haifa = tel aviv,
Shibuya Ward, Tokyo = tokyo,
Mombassa = mombasa,
Mommassa = mombasa,
Vientiane = vientiane,
Vientiane-Luang = vientiane,
Vietiane = vientiane,
Beiruit = bayrut,
E. Beirut = bayrut,
E. Beruit = bayrut,
E.Beirut = bayrut,
East Beirut = bayrut,
East Beruit = bayrut,
W. Beirut = bayrut,
W. Beruit = bayrut,
West Beirut = bayrut,
West Beriut = bayrut,
West Beruit = bayrut,
Western Beirut = bayrut,
Zaharani (Beirut) = bayrut,
South Beirut = bayrut,
Jubail = jubayl,
Western Fwayhat = fwayhat,
Ciudad Altamirano = Altamirano,
Ciudad Juan Aldama = Juan Aldama,
Ciudad Juarez = Juarez,
Ciudad Mante = Mante,
Ciudad Obregon = Obregon,
Ciudad Victoria = Victoria,
San Cristobal de Las Casas = san cristobal,
Ramgoon = rangoon,
Ondahgwa = ondangwa,
Ondangiva = ondangwa,
Ondangua = ondangwa,
Ondangua Road* = ondangwa,
Ondangwa = ondangwa,
Oshakati West = Oshakati,
Wind Hoek = windhoek,
Windhock = windhoek,
Birgunj = birganj,
Kathmando = kathmandu,
Kathmandu = kathmandu,
Katmandu = kathmandu,
Nepalgunj = nepalganj,
Nepalgunji = nepalganj,
Masayan = masaya,
lagoa = lagos,
ibandan = ibadan,
Sana = sanaa,
sanah = sanaa,
Northern Ireland, Belfast = belfast,
Andersonstown = belfast,
Shankill = belfast,
Shankill, Belfast = belfast,
Andersontown, Belfast = belfast,
Ardoyne = belfast,
Ardoyne, Belfast = belfast,
Ballymurphy, Belfast = belfast,
Falls, Belfast = belfast,
Lower Falls, Belfast = belfast,
New Lodge, Belfast = belfast,
Shankill, Belfast = belfast,
Suffolk, Belfast = belfast,
Chota Lahore = lahore,
Faizabad = Faisalabad,
Panama City = panama,
acos vichos = acos vinchos,
Lima and El Callao = lima,
Lima Blanca = lima,
Lima-Callao = lima,
Lima-Huancayo = lima,
San Juan de Lurigancho = lima,
San Juan de Lurighancho = lima,
San Martin de Porres = lima,
Comas = lima,
Comas District = lima,
Villa El Salvador = lima,
Villa El Savador = lima,
Villa Maria del Tricanfo = lima,
Villa Maria del Triunfo = lima,
Villa Marina = lima,
Villa Rica = lima,
Villa Virgen = lima,
Miraflores = lima,
San Juan de Mira Flores = lima,
San Juan de Miraflores = lima,
Chorrillas District = lima,
Chorrillos = lima,
Puente Piedra = lima,
Independencia = lima,
La Victoria = lima,
Carabayllo = lima,
rimac = lima,
El Agustino = lima,
Santa Anita = lima,
San Borja = lima,
Brena  = lima,
Lurigancho = lima,
Surquillo = lima,
Pueblo Libre = lima,
Lurin = lima,
San Isidro = lima,
Pachacamac = lima,
Lince = lima,
Magdalena del Mar = lima,
San Luis = lima,
Barranco = lima,
Chaclacayo = lima,
Ayachucho = ayacucho,
Ayachucho City = ayacucho,
Ayachuco = ayacucho,
Ayacocho = ayacucho,
Ayacucho = ayacucho,
Ayacucho - Huancavelica = ayacucho,
Ayacucho City = ayacucho,
Ayacucho City (southeast of) = ayacucho,
Ayacucno = ayacucho,
Ayacucuo = ayacucho,
Ayacunho = ayacucho,
Ayacuoho = ayacucho,
Ayagucho = ayacucho,
Chanchmayo = Chanchamayo,
Chiclaya = Chiclayo,
Trujilio = trujillo,
Trujulo (La Esperanga) = trujillo,
Chiclaya = Chiclayo,
Huancaya = Huancayo,
Huancayo and Cerro de Pasco = Huancayo,
Huancayo city = Huancayo,
Huancayo township = Huancayo,
Bacolod City = Bacolod,
Badoc City = Badoc,
Bago City = bago,
Batangas City = Batangas,
Bislig City = Bislig,
Bugallon municipality = Bugallon,
Butuan City = Butuan,
Cabanatuan City = Cabanatuan,
Calapan City = Calapan,
Calbayog City = Calbayog,
Candon City = Candon,
Canlaon City = Canlaon,
Catbalogan City = Catbalogan,
Cauayan Town = Cauayan,
Cavayan = Cauayan,
Cebu City = cebu, 
Cotabato City = Cotabato,
Davao City = Davao,
Davao de Norte = Davao,
Davao del Norte = Davao,
Davao del Sur = Davao,
Dipolog City = Dipolog,
Dumaguete City = Dumaguete,
Escalante City = Escalante,
Gapan City = gapan,
Gingoog City = gingoog,
Himamaylan City = Himamaylan,
Iligan City = Iligan,
Ilocos Norte = Ilocos,
Ilocos Sur = Ilocos,
Iloilo City = Iloilo,
Jolo Town = jolo,
Kidapawan City = Kidapawan,
Koronadal City = Koronadal,
Lapu-lapu City = lapu-lapu,
Legazpi City = legazpi,
Ligao City = Ligao,
Lucena City = Lucena,
Lipa City = lipa,
Malabon City = Malabon,
Malaybalay City = Malaybalay,
Mandaluyong City = Mandaluyong,
Mandaue City = Mandaue,
Manila Makati = Manila,
Manilla = Manila,
Marawi City = Marawi City,
Moliney village = Moliney,
Naga City = naga,
Ormoc City = ormoc,
Ozamis City = ozamis,
Pagadian City = Pagadian,
Palayan City = Palayan,
Paranaque City = Paranaque,
Pasig City = pasig,
polomoloc = polomolok,
Quezon City = Quezon,
roxas city = roxas,
Sagay City = Sagay,
San Carlos City = San Carlos,
San Pablo City = San Pablo,
Silay City = Silay,
Sipalay City = Sipalay,
Surigao City = Surigao,
Surigao del Sur = Surigao,
Tacloban City = Tacloban,
Tacurong City = Tacurong,
Tagaytay City = Tagaytay,
Taguig City = Taguig,
Talisay City = Talisay,
Tandag City = Tandag,
Tangub City = Tangub,
Tibao village in M'lang town = Tibao,
Trece Martires City = Trece Martires,
Tuguegarao City = Tuguegarao,
Ungkaya Puka = Ungkaya Pukan,
Ungkaya Puyan = Ungkaya Pukan,
Valencia City = Valencia,
Valenzuela city = Valenzuela,
Victorias City = Victorias,
Zamboanga City = Zamboanga,
Zamboanga del Norte = zamboanga,
Zamboanga del Norte Province = zamboanga,
Zamboanga del Sur = zamboanga,
Zamboanga del Sur Province = zamboanga,
Zamboanga Del Sur, Josefinatown = zamboanga,
Zamboanga Province = zamboanga,
Zamboange del Norte Prov. = zamboanga,
Zenboanga del Sur Province = zamboanga,
Palo Seco (San Juan) = San Juan,
Binondo = Manila,
Pandacan = Manila,
Quiapo = Manila,
Sampaloc = Manila,
Salibury = Salisbury,
st. petersburg = saint petersburg,
Free = freetown, 
Mogasishu = mogadishu,
Mitchells Plain = cape town,
Mitchell's Plain = cape town,
Khayalitsha = cape town,
Khayelitsha = cape town,
Khayelitsha Township = cape town,
Khayelitsha Township, Cape Town area = cape town,
Blue downs = cape town,
Bellville = cape town,
Elsies River = cape town,
Milnerton = cape town,
Guguletu = cape town,
Brackenfell = cape town,
Parow = cape town,
Somerset West = cape town,
Nyanga = cape town,
Kraaifontein = cape town,
Umlazi = durban,
Chatsworth = durban,
Kwa-Mashu = durban,
Phoenix = durban,
Inanda = durban,
Ntuzuma = durban,
Pinetown = durban,
Mpumalanga = durban,
Sobonakhona = durban,
Clermont = durban,
Verulam = durban,
Kwadabeka = durban,
Iqadi = durban,
KwaMakhutha = durban,
Tongaat = durban,
Mawothi = durban,
Westville = durban,
Newlands West = durban,
Kloof = durban,
Ximba = durban,
Lamontville = durban,
Durban Area = durban,
Durban South Beach = durban,
Ventersdorp = Ventersdorf,
Randburg = johannesburg,
Roodepoort = johannesburg,
Sandton = johannesburg,
Alexandra = johannesburg,
Diepsloot = johannesburg,
Lenasia = johannesburg,
Midrand = johannesburg,
Ennerdale = johannesburg,
Stretford = johannesburg,
Tshepisong = johannesburg,
Kaalfontein = johannesburg,
Rabie ridgev = johannesburg,
Lenasia Sout = johannesburg,h
Drie Ziek = johannesburg,
Lawley = johannesburg,
Vlakfontein = johannesburg,
Lakeside = johannesburg,
Alexandira = johannesburg,
Alexandria = johannesburg,
Prutoria = Pretoria,
San Sebastien = San Sebastian,
Seville = Sevilla, 
Akkaaraipattu = Akkaraipattu, 
Akkaraipattu = Akkaraipattu, 
Anuradapura = Anuradhapura, 
Anuradhapuma = Anuradhapura,
Anuradhapura = Anuradhapura,
Anuradnapura = Anuradhapura,
Batticalao = batticaloa,
Batticalia = batticaloa,
Batticalo = batticaloa,
Batticaloa = batticaloa,
Batticaloa City = batticaloa,
Batticaloa Town = batticaloa,
Batticalola = batticaloa,
Batticalon = batticaloa,
Batticoloa = batticaloa,
Battticalon = batticaloa,
Kattankudy = batticaloa,
Kathankudi = batticaloa,
Kathankudy = batticaloa,
Kattankudi = batticaloa,
Kattankudy = batticaloa,
Chavakachcheri = jaffna,
Chavakachein = jaffna,
Colombo = Colombo, 
Colombo and a suburb = Colombo, 
Columbo = Colombo, 
Culombo = Colombo, 
Colombuthurai = jaffna,
Ariyalai = jaffna,
Chunnakam = jaffna,
Nallur = jaffna,
Chundikuli = jaffna,
Navatkuli = jaffna,
Kopay = jaffna,
Kokkuvil = jaffna,
Kondavil = jaffna,
Mandativu = jaffna,
Urumpirai = jaffna,
Kaithadi = jaffna,
Vannarpannai = jaffna,
Chavakachcheri = jaffna,
Chundikulam = jaffna,
Chundikulm = jaffna,
Jaffna Area = jaffna,
Jaffna Lagoon = jaffna,
Jaffna Peninsula = jaffna,
Jaffna Town = jaffna,
Jaffni = jaffna,
Jaffra = jaffna,
Dehiwala = dehiwala-mount lavinia,
Dehiwela = dehiwala-mount lavinia,
Mount Lavinia = dehiwala-mount lavinia,
Hambamtota = Hambantota,
Hambantota = Hambantota,
Katunayake = negombo,
Katunayke = negombo,
Raddoluna housing are, Negombo = negombo,
Kegalle = kegalla,
Kilinochchi = kilinochchi,
Kilirochchi = kilinochchi,
Kilirochci = kilinochchi,
Killinochchi = kilinochchi,
Kilonchchi = kilinochchi,
Kurungala = Kurunegala,
Mullaithivu = mullaitivu,
Mullaitivu = mullaitivu,
Mullaittiview = mullaitivu,
Mullaittivu = mullaitivu,
Mullathivu = mullaitivu,
Mullativa = mullaitivu,
Neelavane, Batticaloa = batticaloa,
Navalady, Batticaloa = batticaloa,
Pethalai, Batticuloa = batticaloa,
PumaiKudah, Eravur in Batticaloa = batticaloa,
Saddam Husayn V., Batticaloa = batticaloa,
Point Pedro = jaffna,
Point Pedro port = jaffna,
Point Pedro, Jaffna = jaffna,
Point Petro = jaffna,
Pottuvil, Jaffna = jaffna,
northern district of Vavuniya = Vavuniya,
Northern Jaffna Town = jaffna,
town of Jaffna = jaffna,
northern Vavuniya = Vavuniya,
Trincohalee = trincomalee,
Trincolmalee area = trincomalee,
Trincomalee = trincomalee,
Trincomalee area = trincomalee,
Trincomalee City = trincomalee,
Trincomalee Coast = trincomalee,
Trinxomalee = trincomalee,
Valvedditturai = jaffna,
Valvettiturai = jaffna,
Valvettiturai (North Coast) = jaffna,
Valvettituria = jaffna,
Vavaniya = vavuniya,
Vavoniya = vavuniya,
Vavuniva = vavuniya,
Vavuniva Area = vavuniya,
Vavuniya = vavuniya,
Vavuniya Area = vavuniya,
Vavuniya Town = vavuniya,
Vavuniya Village = vavuniya,
Vavuniyu = vavuniya,
Kaartoum = khartoum,
Khartaum = khartoum,
Khartoum = khartoum,
Khartown = khartoum,
Paramaribo = paramaribo,
Paramarid = paramaribo,
Paramiribo = paramaribo,
Paramribo = paramaribo,
Gothenburg = goteborg,
Gothenburg (Goteborg) = goteborg,
Saint Gallen = saint gall,
St. Gall = saint gall,
New Taipei = New Taipei,
Dar-es-Saleam = Dar es Salaam,
Zanzibar City = Zanzibar,
Bankok = Bangkok,
Muang Narathiwat = Narathiwat,
Muang Pattani = Pattani,
Mueang Pattani = Pattani,
Mueang Samut Prakan = Samut Prakan,
Mueang Yala = yala,
Dusit District, Bangkok = bangkok,
Yala area = yala,
Yala City = yala,
Yala Town = yala,
Ankana = ankara,
Ankara's Cankaya District = ankara,
Ankarra = ankara,
Beyoglu district = istanbul,
Beyoglu township = istanbul,
















































Mayfaah = mayfaa
mayfa = mayfaa
Al-Dama-Shika = al damashqa
Podujev‰ = podujeva
Stari Trg = stari
Velki Trnovac = veliki trnovac
Podujev‰ = podujeva
Livingston = livingstone
Losaka = lusaka
Border Town of Beitbridge = beitbridge
Beit Bridge = beitbridge
Ft. Victoria = fort victoria
Nyamandlovw = nyamandlovu
Nyamandhlovu = nyamandlovu


remove: Airfield, Air Fields, district, International Airport, Airport, suburbs, port, Municipality, Near, township, Township, town, slum, Village, village, 

Thats how I got rid of (something), [something], all spaces, all :"<>)@*#^ in another dataset:
gsub("\\,.*","",x)
gsub("\\\\.*", "", x)
gsub("\\[.+?\\]","", x)
gsub("\\(.+?\\)","", x)
gsub("[[:digit:]]", "", x)
gsub("[[:punct:]]", "", x)
tolower(x)
GTD$city <- sub("^ +", "", GTD$city)
GTD$city <- sub(" +$", "", GTD$city)
### If we want to select characters in the string and eliminate the rest ###
GTD$city <- substr(GTD$city, 1, 8)






controlling: putting them in one after the other and then combine them finally, but carefull with taht: 
mind covariaten if using other things then urbanization, like GDP or something 
